County,Population
0500000US01001,55.246
0500000US01003,195.540
0500000US01005,27.076
0500000US01007,22.512
0500000US01009,57.872
0500000US01011,10.639
0500000US01013,20.265
0500000US01015,116.736
0500000US01017,34.162
0500000US01019,26.203
0500000US01021,43.951
0500000US01023,13.426
0500000US01025,25.207
0500000US01027,13.486
0500000US01029,14.994
0500000US01031,50.938
0500000US01033,54.520
0500000US01035,12.887
0500000US01037,10.898
0500000US01039,37.886
0500000US01041,13.986
0500000US01043,80.811
0500000US01045,49.884
0500000US01047,41.996
0500000US01049,71.013
0500000US01051,80.902
0500000US01053,37.983
0500000US01055,103.931
0500000US01057,16.909
0500000US01059,31.532
0500000US01061,26.727
0500000US01063,8.744
0500000US01065,15.406
0500000US01067,17.296
0500000US01069,103.668
0500000US01071,52.951
0500000US01073,659.479
0500000US01075,14.236
0500000US01077,92.797
0500000US01079,33.587
0500000US01081,150.933
0500000US01083,88.845
0500000US01085,10.703
0500000US01087,19.688
0500000US01089,346.892
0500000US01091,20.155
0500000US01093,30.334
0500000US01095,94.760
0500000US01097,414.079
0500000US01099,22.236
0500000US01101,226.659
0500000US01103,119.787
0500000US01105,10.020
0500000US01107,19.401
0500000US01109,33.339
0500000US01111,22.727
0500000US01113,59.585
0500000US01115,86.308
0500000US01117,204.180
0500000US01119,13.361
0500000US01121,81.096
0500000US01123,41.203
0500000US01125,200.821
0500000US01127,65.998
0500000US01129,16.877
0500000US01131,11.307
0500000US01133,24.146
0500000US02013,3.092
0500000US02016,5.511
0500000US02020,300.950
0500000US02050,17.758
0500000US02060,0.960
0500000US02068,1.867
0500000US02070,5.010
0500000US02090,100.436
0500000US02100,2.592
0500000US02105,2.145
0500000US02110,32.660
0500000US02122,57.147
0500000US02130,13.729
0500000US02150,14.135
0500000US02164,1.648
0500000US02170,95.192
0500000US02180,9.892
0500000US02185,9.686
0500000US02188,7.685
0500000US02195,3.774
0500000US02198,5.786
0500000US02220,9.020
0500000US02230,0.995
0500000US02240,6.985
0500000US02261,9.763
0500000US02270,7.977
0500000US02275,2.400
0500000US02282,0.642
0500000US02290,5.695
0500000US04001,71.934
0500000US04003,129.473
0500000US04005,136.539
0500000US04007,53.053
0500000US04009,37.482
0500000US04011,9.049
0500000US04012,20.324
0500000US04013,4009.412
0500000US04015,203.030
0500000US04017,107.322
0500000US04019,996.554
0500000US04021,389.350
0500000US04023,46.768
0500000US04025,215.133
0500000US04027,201.201
0500000US05001,18.777
0500000US05003,21.283
0500000US05005,40.957
0500000US05007,237.297
0500000US05009,37.396
0500000US05011,11.249
0500000US05013,5.241
0500000US05015,27.808
0500000US05017,11.335
0500000US05019,22.743
0500000US05021,15.402
0500000US05023,25.686
0500000US05025,8.593
0500000US05027,24.164
0500000US05029,21.245
0500000US05031,101.488
0500000US05033,61.640
0500000US05035,49.746
0500000US05037,17.548
0500000US05039,7.933
0500000US05041,12.505
0500000US05043,18.785
0500000US05045,119.580
0500000US05047,18.034
0500000US05049,12.304
0500000US05051,97.173
0500000US05053,18.019
0500000US05055,43.097
0500000US05057,22.474
0500000US05059,33.500
0500000US05061,13.581
0500000US05063,36.997
0500000US05065,13.368
0500000US05067,17.615
0500000US05069,73.191
0500000US05071,25.846
0500000US05073,7.252
0500000US05075,17.011
0500000US05077,10.015
0500000US05079,14.031
0500000US05081,12.730
0500000US05083,22.082
0500000US05085,70.753
0500000US05087,15.701
0500000US05089,16.430
0500000US05091,43.402
0500000US05093,44.765
0500000US05095,7.682
0500000US05097,9.226
0500000US05099,8.799
0500000US05101,8.064
0500000US05103,25.002
0500000US05105,10.345
0500000US05107,20.399
0500000US05109,11.177
0500000US05111,24.145
0500000US05113,20.406
0500000US05115,62.547
0500000US05117,8.374
0500000US05119,391.284
0500000US05121,17.692
0500000US05123,27.260
0500000US05125,114.404
0500000US05127,10.950
0500000US05129,8.023
0500000US05131,127.342
0500000US05133,17.366
0500000US05135,17.049
0500000US05137,12.581
0500000US05139,40.694
0500000US05141,16.932
0500000US05143,216.410
0500000US05145,78.483
0500000US05147,7.072
0500000US05149,21.893
0500000US06001,1578.891
0500000US06003,1.159
0500000US06005,36.519
0500000US06007,222.090
0500000US06009,44.515
0500000US06011,21.358
0500000US06013,1094.205
0500000US06015,27.873
0500000US06017,181.737
0500000US06019,955.272
0500000US06021,27.940
0500000US06023,134.493
0500000US06025,176.584
0500000US06027,18.467
0500000US06029,864.124
0500000US06031,150.960
0500000US06033,63.860
0500000US06035,32.163
0500000US06037,10017.068
0500000US06039,152.389
0500000US06041,258.365
0500000US06043,17.755
0500000US06045,87.192
0500000US06047,263.228
0500000US06049,9.147
0500000US06051,14.074
0500000US06053,428.826
0500000US06055,140.326
0500000US06057,98.200
0500000US06059,3114.363
0500000US06061,367.309
0500000US06063,18.859
0500000US06065,2292.507
0500000US06067,1462.131
0500000US06069,57.600
0500000US06071,2088.371
0500000US06073,3211.252
0500000US06075,837.442
0500000US06077,704.379
0500000US06079,276.443
0500000US06081,747.373
0500000US06083,435.697
0500000US06085,1862.041
0500000US06087,269.419
0500000US06089,178.980
0500000US06091,3.047
0500000US06093,43.799
0500000US06095,424.788
0500000US06097,495.025
0500000US06099,525.491
0500000US06101,95.350
0500000US06103,63.057
0500000US06105,13.448
0500000US06107,454.143
0500000US06109,53.874
0500000US06111,839.620
0500000US06113,204.593
0500000US06115,73.340
0500000US08001,469.193
0500000US08003,16.253
0500000US08005,607.070
0500000US08007,12.194
0500000US08009,3.682
0500000US08011,5.688
0500000US08013,310.048
0500000US08014,59.471
0500000US08015,18.510
0500000US08017,1.890
0500000US08019,9.031
0500000US08021,8.277
0500000US08023,3.518
0500000US08025,5.322
0500000US08027,4.285
0500000US08029,30.483
0500000US08031,649.495
0500000US08033,2.029
0500000US08035,305.963
0500000US08037,52.460
0500000US08039,23.733
0500000US08041,655.044
0500000US08043,46.451
0500000US08045,57.302
0500000US08047,5.601
0500000US08049,14.289
0500000US08051,15.507
0500000US08053,0.813
0500000US08055,6.519
0500000US08057,1.365
0500000US08059,551.798
0500000US08061,1.423
0500000US08063,8.037
0500000US08065,7.306
0500000US08067,53.284
0500000US08069,315.988
0500000US08071,14.446
0500000US08073,5.430
0500000US08075,22.450
0500000US08077,147.554
0500000US08079,0.721
0500000US08081,13.103
0500000US08083,25.642
0500000US08085,40.713
0500000US08087,28.404
0500000US08089,18.703
0500000US08091,4.557
0500000US08093,16.121
0500000US08095,4.356
0500000US08097,17.379
0500000US08099,12.291
0500000US08101,161.451
0500000US08103,6.807
0500000US08105,11.803
0500000US08107,23.513
0500000US08109,6.208
0500000US08111,0.692
0500000US08113,7.678
0500000US08115,2.360
0500000US08117,28.649
0500000US08119,23.275
0500000US08121,4.803
0500000US08123,269.785
0500000US08125,10.151
0500000US09001,939.904
0500000US09003,898.272
0500000US09005,186.924
0500000US09007,165.562
0500000US09009,862.287
0500000US09011,274.150
0500000US09013,151.377
0500000US09015,117.604
0500000US10001,169.416
0500000US10003,549.684
0500000US10005,206.649
0500000US11001,646.449
0500000US12001,253.451
0500000US12003,27.013
0500000US12005,174.987
0500000US12007,26.850
0500000US12009,550.823
0500000US12011,1838.844
0500000US12013,14.682
0500000US12015,164.736
0500000US12017,139.271
0500000US12019,196.399
0500000US12021,339.642
0500000US12023,67.543
0500000US12027,34.517
0500000US12029,15.940
0500000US12031,885.855
0500000US12033,305.817
0500000US12035,99.956
0500000US12037,11.598
0500000US12039,46.194
0500000US12041,16.931
0500000US12043,13.345
0500000US12045,15.829
0500000US12047,14.354
0500000US12049,27.519
0500000US12051,37.471
0500000US12053,174.441
0500000US12055,97.616
0500000US12057,1291.578
0500000US12059,19.717
0500000US12061,141.994
0500000US12063,48.922
0500000US12065,14.194
0500000US12067,8.848
0500000US12069,308.034
0500000US12071,661.115
0500000US12073,281.845
0500000US12075,39.644
0500000US12077,8.349
0500000US12079,18.728
0500000US12081,342.106
0500000US12083,337.362
0500000US12085,151.263
0500000US12086,2617.176
0500000US12087,76.351
0500000US12089,75.710
0500000US12091,193.811
0500000US12093,39.330
0500000US12095,1225.267
0500000US12097,298.504
0500000US12099,1372.171
0500000US12101,475.502
0500000US12103,929.048
0500000US12105,623.009
0500000US12107,72.577
0500000US12109,209.647
0500000US12111,286.832
0500000US12113,161.096
0500000US12115,390.429
0500000US12117,436.041
0500000US12119,107.056
0500000US12121,43.734
0500000US12123,22.857
0500000US12125,15.136
0500000US12127,500.800
0500000US12129,31.022
0500000US12131,59.807
0500000US12133,24.624
0500000US13001,18.440
0500000US13003,8.290
0500000US13005,11.216
0500000US13007,3.341
0500000US13009,46.039
0500000US13011,18.415
0500000US13013,71.453
0500000US13015,101.273
0500000US13017,17.515
0500000US13019,19.048
0500000US13021,154.721
0500000US13023,12.771
0500000US13025,18.292
0500000US13027,15.516
0500000US13029,33.157
0500000US13031,71.214
0500000US13033,22.923
0500000US13035,23.361
0500000US13037,6.523
0500000US13039,51.476
0500000US13043,10.937
0500000US13045,112.355
0500000US13047,65.311
0500000US13049,13.255
0500000US13051,278.434
0500000US13053,12.842
0500000US13055,25.138
0500000US13057,225.106
0500000US13059,121.265
0500000US13061,3.045
0500000US13063,264.220
0500000US13065,6.795
0500000US13067,717.190
0500000US13069,43.220
0500000US13071,46.275
0500000US13073,135.416
0500000US13075,17.066
0500000US13077,133.180
0500000US13079,12.504
0500000US13081,23.336
0500000US13083,16.507
0500000US13085,22.686
0500000US13087,27.359
0500000US13089,713.340
0500000US13091,21.221
0500000US13093,14.304
0500000US13095,92.969
0500000US13097,136.379
0500000US13099,10.542
0500000US13101,4.057
0500000US13103,54.456
0500000US13105,19.599
0500000US13107,22.867
0500000US13109,10.833
0500000US13111,23.760
0500000US13113,108.365
0500000US13115,95.821
0500000US13117,195.405
0500000US13119,22.009
0500000US13121,1010.562
0500000US13123,28.579
0500000US13125,3.102
0500000US13127,81.508
0500000US13129,55.757
0500000US13131,25.278
0500000US13133,16.321
0500000US13135,859.304
0500000US13137,43.300
0500000US13139,187.745
0500000US13141,8.879
0500000US13143,28.495
0500000US13145,32.663
0500000US13147,25.446
0500000US13149,11.558
0500000US13151,211.128
0500000US13153,147.658
0500000US13155,9.427
0500000US13157,61.044
0500000US13159,13.601
0500000US13161,15.004
0500000US13163,16.320
0500000US13165,9.269
0500000US13167,9.767
0500000US13169,28.569
0500000US13171,17.959
0500000US13173,10.408
0500000US13175,47.999
0500000US13177,29.071
0500000US13179,64.135
0500000US13181,7.751
0500000US13183,16.624
0500000US13185,112.916
0500000US13187,30.918
0500000US13189,21.565
0500000US13191,14.007
0500000US13193,14.009
0500000US13195,28.057
0500000US13197,8.640
0500000US13199,21.232
0500000US13201,5.932
0500000US13205,23.045
0500000US13207,26.984
0500000US13209,9.021
0500000US13211,17.781
0500000US13213,39.267
0500000US13215,202.824
0500000US13217,102.446
0500000US13219,34.035
0500000US13221,14.548
0500000US13223,146.950
0500000US13225,27.014
0500000US13227,29.584
0500000US13229,18.938
0500000US13231,17.796
0500000US13233,41.183
0500000US13235,11.542
0500000US13237,21.371
0500000US13239,2.367
0500000US13241,16.235
0500000US13243,7.197
0500000US13245,202.003
0500000US13247,86.919
0500000US13249,5.089
0500000US13251,14.240
0500000US13253,8.945
0500000US13255,63.829
0500000US13257,25.683
0500000US13259,5.868
0500000US13261,31.364
0500000US13263,6.456
0500000US13265,1.703
0500000US13267,25.526
0500000US13269,8.464
0500000US13271,16.591
0500000US13273,9.022
0500000US13275,44.869
0500000US13277,40.286
0500000US13279,27.273
0500000US13281,10.771
0500000US13283,6.712
0500000US13285,69.053
0500000US13287,8.134
0500000US13289,8.481
0500000US13291,21.566
0500000US13293,26.566
0500000US13295,68.198
0500000US13297,85.754
0500000US13299,35.709
0500000US13301,5.558
0500000US13303,20.676
0500000US13305,30.077
0500000US13307,2.719
0500000US13309,7.909
0500000US13311,27.797
0500000US13313,102.945
0500000US13315,8.960
0500000US13317,10.010
0500000US13319,9.432
0500000US13321,21.291
0500000US15001,190.821
0500000US15003,983.429
0500000US15005,0.090
0500000US15007,69.512
0500000US15009,160.202
0500000US16001,416.464
0500000US16003,3.828
0500000US16005,83.249
0500000US16007,5.943
0500000US16009,9.044
0500000US16011,45.290
0500000US16013,21.329
0500000US16015,6.795
0500000US16017,40.699
0500000US16019,107.517
0500000US16021,10.853
0500000US16023,2.642
0500000US16025,1.042
0500000US16027,198.871
0500000US16029,6.808
0500000US16031,23.331
0500000US16033,0.867
0500000US16035,8.577
0500000US16037,4.249
0500000US16039,26.170
0500000US16041,12.854
0500000US16043,12.927
0500000US16045,16.686
0500000US16047,15.080
0500000US16049,16.116
0500000US16051,26.914
0500000US16053,22.514
0500000US16055,144.265
0500000US16057,38.078
0500000US16059,7.712
0500000US16061,3.902
0500000US16063,5.315
0500000US16065,37.450
0500000US16067,20.292
0500000US16069,39.915
0500000US16071,4.275
0500000US16073,11.472
0500000US16075,22.610
0500000US16077,7.719
0500000US16079,12.690
0500000US16081,10.275
0500000US16083,79.957
0500000US16085,9.606
0500000US16087,9.944
0500000US17001,67.130
0500000US17003,7.629
0500000US17005,17.470
0500000US17007,53.957
0500000US17009,6.860
0500000US17011,34.056
0500000US17013,5.059
0500000US17015,14.910
0500000US17017,13.324
0500000US17019,204.897
0500000US17021,34.298
0500000US17023,16.182
0500000US17025,13.566
0500000US17027,37.907
0500000US17029,53.697
0500000US17031,5240.700
0500000US17033,19.505
0500000US17035,10.939
0500000US17037,104.741
0500000US17039,16.420
0500000US17041,19.887
0500000US17043,932.126
0500000US17045,17.960
0500000US17047,6.672
0500000US17049,34.307
0500000US17051,22.060
0500000US17053,13.832
0500000US17055,39.202
0500000US17057,36.346
0500000US17059,5.415
0500000US17061,13.629
0500000US17063,50.228
0500000US17065,8.368
0500000US17067,18.618
0500000US17069,4.181
0500000US17071,6.990
0500000US17073,49.860
0500000US17075,28.982
0500000US17077,59.814
0500000US17079,9.592
0500000US17081,38.644
0500000US17083,22.641
0500000US17085,22.407
0500000US17087,12.677
0500000US17089,523.643
0500000US17091,112.120
0500000US17093,119.348
0500000US17095,52.078
0500000US17097,703.019
0500000US17099,112.183
0500000US17101,16.558
0500000US17103,34.858
0500000US17105,38.186
0500000US17107,29.964
0500000US17109,32.464
0500000US17111,307.409
0500000US17113,174.647
0500000US17115,109.278
0500000US17117,46.880
0500000US17119,267.225
0500000US17121,38.622
0500000US17123,12.153
0500000US17125,14.248
0500000US17127,15.073
0500000US17129,12.607
0500000US17131,16.178
0500000US17133,33.493
0500000US17135,29.654
0500000US17137,35.067
0500000US17139,14.876
0500000US17141,52.385
0500000US17143,188.429
0500000US17145,21.887
0500000US17147,16.433
0500000US17149,16.150
0500000US17151,4.312
0500000US17153,5.908
0500000US17155,5.801
0500000US17157,32.890
0500000US17159,16.182
0500000US17161,147.258
0500000US17163,266.955
0500000US17165,24.939
0500000US17167,199.145
0500000US17169,7.444
0500000US17171,5.222
0500000US17173,22.119
0500000US17175,5.907
0500000US17177,46.740
0500000US17179,136.352
0500000US17181,17.583
0500000US17183,80.329
0500000US17185,11.665
0500000US17187,17.726
0500000US17189,14.448
0500000US17191,16.612
0500000US17193,14.549
0500000US17195,57.557
0500000US17197,682.829
0500000US17199,66.924
0500000US17201,290.666
0500000US17203,39.273
0500000US18001,34.614
0500000US18003,363.014
0500000US18005,79.587
0500000US18007,8.767
0500000US18009,12.481
0500000US18011,60.477
0500000US18013,15.023
0500000US18015,20.086
0500000US18017,38.463
0500000US18019,112.938
0500000US18021,26.803
0500000US18023,32.916
0500000US18025,10.621
0500000US18027,32.407
0500000US18029,49.904
0500000US18031,26.277
0500000US18033,42.307
0500000US18035,117.484
0500000US18037,42.361
0500000US18039,200.563
0500000US18041,23.861
0500000US18043,76.244
0500000US18045,16.880
0500000US18047,22.951
0500000US18049,20.449
0500000US18051,33.612
0500000US18053,69.126
0500000US18055,32.781
0500000US18057,296.693
0500000US18059,71.575
0500000US18061,39.163
0500000US18063,153.879
0500000US18065,49.044
0500000US18067,82.760
0500000US18069,36.791
0500000US18071,43.466
0500000US18073,33.389
0500000US18075,21.330
0500000US18077,32.458
0500000US18079,28.241
0500000US18081,145.535
0500000US18083,37.954
0500000US18085,77.963
0500000US18087,37.996
0500000US18089,491.456
0500000US18091,111.281
0500000US18093,45.844
0500000US18095,130.482
0500000US18097,928.281
0500000US18099,47.109
0500000US18101,10.160
0500000US18103,36.140
0500000US18105,141.888
0500000US18107,38.177
0500000US18109,69.782
0500000US18111,14.087
0500000US18113,47.570
0500000US18115,5.994
0500000US18117,19.773
0500000US18119,21.201
0500000US18121,17.202
0500000US18123,19.558
0500000US18125,12.683
0500000US18127,166.557
0500000US18129,25.486
0500000US18131,13.007
0500000US18133,37.505
0500000US18135,25.627
0500000US18137,28.419
0500000US18139,17.004
0500000US18141,266.709
0500000US18143,23.972
0500000US18145,44.729
0500000US18147,20.944
0500000US18149,23.197
0500000US18151,34.358
0500000US18153,21.223
0500000US18155,10.526
0500000US18157,180.174
0500000US18159,15.650
0500000US18161,7.277
0500000US18163,181.398
0500000US18165,15.878
0500000US18167,108.291
0500000US18169,32.358
0500000US18171,8.415
0500000US18173,61.049
0500000US18175,27.780
0500000US18177,67.893
0500000US18179,27.814
0500000US18181,24.466
0500000US18183,33.294
0500000US19001,7.472
0500000US19003,3.894
0500000US19005,14.169
0500000US19007,12.692
0500000US19009,5.873
0500000US19011,25.699
0500000US19013,132.546
0500000US19015,26.364
0500000US19017,24.624
0500000US19019,20.976
0500000US19021,20.567
0500000US19023,15.021
0500000US19025,9.926
0500000US19027,20.598
0500000US19029,13.598
0500000US19031,18.393
0500000US19033,43.575
0500000US19035,11.945
0500000US19037,12.321
0500000US19039,9.325
0500000US19041,16.491
0500000US19043,17.773
0500000US19045,48.420
0500000US19047,17.434
0500000US19049,74.641
0500000US19051,8.791
0500000US19053,8.136
0500000US19055,17.534
0500000US19057,40.480
0500000US19059,16.955
0500000US19061,95.697
0500000US19063,9.996
0500000US19065,20.502
0500000US19067,16.092
0500000US19069,10.548
0500000US19071,7.080
0500000US19073,9.139
0500000US19075,12.314
0500000US19077,10.687
0500000US19079,15.312
0500000US19081,11.094
0500000US19083,17.441
0500000US19085,14.431
0500000US19087,20.222
0500000US19089,9.526
0500000US19091,9.688
0500000US19093,7.141
0500000US19095,16.330
0500000US19097,19.587
0500000US19099,36.641
0500000US19101,16.810
0500000US19103,139.155
0500000US19105,20.611
0500000US19107,10.329
0500000US19109,15.321
0500000US19111,35.682
0500000US19113,216.111
0500000US19115,11.282
0500000US19117,8.746
0500000US19119,11.712
0500000US19121,15.448
0500000US19123,22.417
0500000US19125,33.252
0500000US19127,40.994
0500000US19129,14.896
0500000US19131,10.709
0500000US19133,9.121
0500000US19135,8.012
0500000US19137,10.424
0500000US19139,42.836
0500000US19141,14.044
0500000US19143,6.211
0500000US19145,15.713
0500000US19147,9.185
0500000US19149,24.957
0500000US19151,7.154
0500000US19153,451.677
0500000US19155,92.728
0500000US19157,18.601
0500000US19159,5.072
0500000US19161,10.071
0500000US19163,170.385
0500000US19165,11.961
0500000US19167,34.547
0500000US19169,92.406
0500000US19171,17.576
0500000US19173,6.161
0500000US19175,12.583
0500000US19177,7.436
0500000US19179,35.391
0500000US19181,47.336
0500000US19183,22.015
0500000US19185,6.402
0500000US19187,37.044
0500000US19189,10.554
0500000US19191,20.994
0500000US19193,102.130
0500000US19195,7.541
0500000US19197,12.972
0500000US20001,13.124
0500000US20003,7.897
0500000US20005,16.749
0500000US20007,4.947
0500000US20009,27.509
0500000US20011,14.852
0500000US20013,9.997
0500000US20015,65.803
0500000US20017,2.700
0500000US20019,3.552
0500000US20021,20.978
0500000US20023,2.694
0500000US20025,2.193
0500000US20027,8.406
0500000US20029,9.292
0500000US20031,8.412
0500000US20033,1.955
0500000US20035,36.204
0500000US20037,39.278
0500000US20039,2.930
0500000US20041,19.609
0500000US20043,7.851
0500000US20045,114.322
0500000US20047,2.945
0500000US20049,2.655
0500000US20051,29.061
0500000US20053,6.398
0500000US20055,37.098
0500000US20057,34.819
0500000US20059,25.740
0500000US20061,37.384
0500000US20063,2.769
0500000US20065,2.593
0500000US20067,7.950
0500000US20069,6.009
0500000US20071,1.290
0500000US20073,6.424
0500000US20075,2.609
0500000US20077,5.860
0500000US20079,34.741
0500000US20081,4.141
0500000US20083,1.950
0500000US20085,13.366
0500000US20087,18.813
0500000US20089,3.046
0500000US20091,566.933
0500000US20093,3.923
0500000US20095,7.844
0500000US20097,2.523
0500000US20099,20.916
0500000US20101,1.720
0500000US20103,78.185
0500000US20105,3.147
0500000US20107,9.516
0500000US20109,2.798
0500000US20111,33.510
0500000US20113,29.569
0500000US20115,12.219
0500000US20117,10.002
0500000US20119,4.343
0500000US20121,32.835
0500000US20123,6.378
0500000US20125,34.292
0500000US20127,5.741
0500000US20129,3.143
0500000US20131,10.161
0500000US20133,16.430
0500000US20135,3.073
0500000US20137,5.622
0500000US20139,16.142
0500000US20141,3.818
0500000US20143,6.042
0500000US20145,6.971
0500000US20147,5.540
0500000US20149,22.691
0500000US20151,9.878
0500000US20153,2.589
0500000US20155,64.190
0500000US20157,4.820
0500000US20159,10.011
0500000US20161,75.394
0500000US20163,5.190
0500000US20165,3.186
0500000US20167,6.933
0500000US20169,55.740
0500000US20171,5.035
0500000US20173,505.415
0500000US20175,23.390
0500000US20177,178.831
0500000US20179,2.553
0500000US20181,6.115
0500000US20183,3.706
0500000US20185,4.359
0500000US20187,2.194
0500000US20189,5.816
0500000US20191,23.591
0500000US20193,7.948
0500000US20195,2.980
0500000US20197,7.051
0500000US20199,1.569
0500000US20201,5.629
0500000US20203,2.192
0500000US20205,9.105
0500000US20207,3.221
0500000US20209,160.384
0500000US21001,18.732
0500000US21003,20.311
0500000US21005,21.811
0500000US21007,8.332
0500000US21009,43.027
0500000US21011,11.961
0500000US21013,27.885
0500000US21015,124.442
0500000US21017,19.998
0500000US21019,48.886
0500000US21021,29.013
0500000US21023,8.416
0500000US21025,13.545
0500000US21027,20.040
0500000US21029,76.854
0500000US21031,12.793
0500000US21033,12.823
0500000US21035,37.657
0500000US21037,90.988
0500000US21039,5.001
0500000US21041,10.953
0500000US21043,27.202
0500000US21045,16.067
0500000US21047,74.167
0500000US21049,35.614
0500000US21051,21.364
0500000US21053,10.146
0500000US21055,9.255
0500000US21057,6.789
0500000US21059,98.218
0500000US21061,12.062
0500000US21063,7.637
0500000US21065,14.488
0500000US21067,308.428
0500000US21069,14.508
0500000US21071,38.728
0500000US21073,49.648
0500000US21075,6.385
0500000US21077,8.474
0500000US21079,16.915
0500000US21081,24.753
0500000US21083,37.451
0500000US21085,25.997
0500000US21087,11.180
0500000US21089,36.519
0500000US21091,8.687
0500000US21093,108.191
0500000US21095,28.499
0500000US21097,18.518
0500000US21099,18.573
0500000US21101,46.347
0500000US21103,15.445
0500000US21105,4.745
0500000US21107,46.634
0500000US21109,13.427
0500000US21111,756.832
0500000US21113,50.173
0500000US21115,23.449
0500000US21117,163.145
0500000US21119,15.976
0500000US21121,31.790
0500000US21123,14.064
0500000US21125,59.563
0500000US21127,15.856
0500000US21129,7.260
0500000US21131,11.019
0500000US21133,23.619
0500000US21135,13.806
0500000US21137,24.370
0500000US21139,9.359
0500000US21141,26.876
0500000US21143,8.451
0500000US21145,65.373
0500000US21147,17.989
0500000US21149,9.496
0500000US21151,85.590
0500000US21153,12.950
0500000US21155,20.045
0500000US21157,31.107
0500000US21159,12.647
0500000US21161,17.278
0500000US21163,29.210
0500000US21165,6.288
0500000US21167,21.349
0500000US21169,9.983
0500000US21171,10.681
0500000US21173,27.251
0500000US21175,13.380
0500000US21177,31.179
0500000US21179,44.540
0500000US21181,7.039
0500000US21183,23.988
0500000US21185,62.364
0500000US21187,10.662
0500000US21189,4.654
0500000US21191,14.570
0500000US21193,28.010
0500000US21195,63.380
0500000US21197,12.494
0500000US21199,63.907
0500000US21201,2.235
0500000US21203,16.693
0500000US21205,23.527
0500000US21207,17.752
0500000US21209,49.947
0500000US21211,44.216
0500000US21213,17.793
0500000US21215,17.637
0500000US21217,24.649
0500000US21219,12.503
0500000US21221,14.293
0500000US21223,8.816
0500000US21225,15.029
0500000US21227,118.370
0500000US21229,11.875
0500000US21231,20.678
0500000US21233,13.452
0500000US21235,35.766
0500000US21237,7.248
0500000US21239,25.275
0500000US22001,62.204
0500000US22003,25.537
0500000US22005,114.393
0500000US22007,23.187
0500000US22009,41.299
0500000US22011,36.167
0500000US22013,13.981
0500000US22015,123.823
0500000US22017,254.887
0500000US22019,195.296
0500000US22021,9.989
0500000US22023,6.744
0500000US22025,10.238
0500000US22027,16.650
0500000US22029,20.442
0500000US22031,27.083
0500000US22033,445.227
0500000US22035,7.529
0500000US22037,19.728
0500000US22039,33.578
0500000US22041,20.571
0500000US22043,22.030
0500000US22045,73.878
0500000US22047,33.367
0500000US22049,16.112
0500000US22051,434.767
0500000US22053,31.301
0500000US22055,230.845
0500000US22057,97.141
0500000US22059,14.777
0500000US22061,47.414
0500000US22063,134.053
0500000US22065,11.927
0500000US22067,27.057
0500000US22069,39.138
0500000US22071,378.715
0500000US22073,156.220
0500000US22075,23.550
0500000US22077,22.499
0500000US22079,132.723
0500000US22081,8.894
0500000US22083,20.857
0500000US22085,24.235
0500000US22087,43.482
0500000US22089,52.617
0500000US22091,10.875
0500000US22093,21.752
0500000US22095,43.761
0500000US22097,83.454
0500000US22099,52.936
0500000US22101,53.543
0500000US22103,242.333
0500000US22105,125.412
0500000US22107,4.908
0500000US22109,112.749
0500000US22111,22.344
0500000US22113,59.253
0500000US22115,52.606
0500000US22117,46.419
0500000US22119,40.678
0500000US22121,24.573
0500000US22123,11.465
0500000US22125,15.444
0500000US22127,14.813
0500000US23001,107.604
0500000US23003,70.055
0500000US23005,285.456
0500000US23007,30.495
0500000US23009,54.845
0500000US23011,121.164
0500000US23013,39.550
0500000US23015,34.088
0500000US23017,57.277
0500000US23019,153.364
0500000US23021,17.124
0500000US23023,35.013
0500000US23025,51.706
0500000US23027,38.940
0500000US23029,32.190
0500000US23031,199.431
0500000US24001,73.521
0500000US24003,555.743
0500000US24005,823.015
0500000US24009,90.484
0500000US24011,32.693
0500000US24013,167.564
0500000US24015,101.913
0500000US24017,152.864
0500000US24019,32.660
0500000US24021,241.409
0500000US24023,29.889
0500000US24025,249.215
0500000US24027,304.580
0500000US24029,19.944
0500000US24031,1016.677
0500000US24033,890.081
0500000US24035,48.517
0500000US24037,109.633
0500000US24039,26.273
0500000US24041,37.931
0500000US24043,149.588
0500000US24045,100.896
0500000US24047,51.620
0500000US24510,622.104
0500000US25001,214.990
0500000US25003,129.585
0500000US25005,552.780
0500000US25007,17.256
0500000US25009,762.550
0500000US25011,71.221
0500000US25013,467.319
0500000US25015,159.596
0500000US25017,1552.802
0500000US25019,10.399
0500000US25021,687.802
0500000US25023,501.915
0500000US25025,755.503
0500000US25027,809.106
0500000US26001,10.578
0500000US26003,9.522
0500000US26005,112.531
0500000US26007,29.091
0500000US26009,23.370
0500000US26011,15.487
0500000US26013,8.695
0500000US26015,59.097
0500000US26017,106.832
0500000US26019,17.428
0500000US26021,155.252
0500000US26023,43.649
0500000US26025,135.012
0500000US26027,51.910
0500000US26029,26.129
0500000US26031,25.726
0500000US26033,38.696
0500000US26035,30.569
0500000US26037,76.739
0500000US26039,13.904
0500000US26041,36.905
0500000US26043,26.098
0500000US26045,108.348
0500000US26047,33.140
0500000US26049,415.376
0500000US26051,25.493
0500000US26053,15.916
0500000US26055,89.987
0500000US26057,41.968
0500000US26059,46.101
0500000US26061,36.225
0500000US26063,32.224
0500000US26065,282.234
0500000US26067,64.073
0500000US26069,25.429
0500000US26071,11.516
0500000US26073,70.436
0500000US26075,160.369
0500000US26077,256.725
0500000US26079,17.196
0500000US26081,621.700
0500000US26083,2.191
0500000US26085,11.386
0500000US26087,88.389
0500000US26089,21.747
0500000US26091,99.188
0500000US26093,184.443
0500000US26095,6.502
0500000US26097,11.061
0500000US26099,854.769
0500000US26101,24.450
0500000US26103,67.700
0500000US26105,28.605
0500000US26107,43.108
0500000US26109,23.791
0500000US26111,83.919
0500000US26113,15.051
0500000US26115,150.376
0500000US26117,63.105
0500000US26119,9.350
0500000US26121,171.008
0500000US26123,48.001
0500000US26125,1231.640
0500000US26127,26.245
0500000US26129,21.234
0500000US26131,6.322
0500000US26133,23.259
0500000US26135,8.379
0500000US26137,24.129
0500000US26139,272.701
0500000US26141,13.062
0500000US26143,24.014
0500000US26145,196.542
0500000US26147,160.469
0500000US26149,60.964
0500000US26151,41.823
0500000US26153,8.247
0500000US26155,68.900
0500000US26157,54.263
0500000US26159,75.455
0500000US26161,354.240
0500000US26163,1775.273
0500000US26165,32.645
0500000US27001,15.742
0500000US27003,339.534
0500000US27005,33.231
0500000US27007,45.670
0500000US27009,39.214
0500000US27011,5.122
0500000US27013,65.528
0500000US27015,25.332
0500000US27017,35.460
0500000US27019,95.562
0500000US27021,28.555
0500000US27023,12.093
0500000US27025,53.761
0500000US27027,60.661
0500000US27029,8.838
0500000US27031,5.200
0500000US27033,11.616
0500000US27035,63.208
0500000US27037,408.509
0500000US27039,20.349
0500000US27041,36.545
0500000US27043,14.191
0500000US27045,20.835
0500000US27047,30.948
0500000US27049,46.464
0500000US27051,5.989
0500000US27053,1198.778
0500000US27055,18.799
0500000US27057,20.658
0500000US27059,38.204
0500000US27061,45.564
0500000US27063,10.260
0500000US27065,15.996
0500000US27067,42.410
0500000US27069,4.503
0500000US27071,13.206
0500000US27073,7.027
0500000US27075,10.777
0500000US27077,3.929
0500000US27079,27.810
0500000US27081,5.830
0500000US27083,25.487
0500000US27085,35.918
0500000US27087,5.532
0500000US27089,9.425
0500000US27091,20.422
0500000US27093,23.119
0500000US27095,25.833
0500000US27097,32.872
0500000US27099,39.327
0500000US27101,8.533
0500000US27103,33.032
0500000US27105,21.617
0500000US27107,6.631
0500000US27109,149.226
0500000US27111,57.581
0500000US27113,14.118
0500000US27115,29.104
0500000US27117,9.270
0500000US27119,31.569
0500000US27121,10.932
0500000US27123,526.714
0500000US27125,4.057
0500000US27127,15.744
0500000US27129,15.166
0500000US27131,65.049
0500000US27133,9.520
0500000US27135,15.520
0500000US27137,200.540
0500000US27139,137.232
0500000US27141,90.158
0500000US27143,15.072
0500000US27145,152.092
0500000US27147,36.465
0500000US27149,9.735
0500000US27151,9.546
0500000US27153,24.382
0500000US27155,3.445
0500000US27157,21.443
0500000US27159,13.804
0500000US27161,19.098
0500000US27163,246.603
0500000US27165,11.137
0500000US27167,6.557
0500000US27169,51.232
0500000US27171,128.470
0500000US27173,10.143
0500000US28001,32.090
0500000US28003,37.316
0500000US28005,12.899
0500000US28007,19.317
0500000US28009,8.571
0500000US28011,34.049
0500000US28013,14.734
0500000US28015,10.385
0500000US28017,17.311
0500000US28019,8.371
0500000US28021,9.253
0500000US28023,16.415
0500000US28025,20.408
0500000US28027,25.182
0500000US28029,28.921
0500000US28031,19.423
0500000US28033,168.240
0500000US28035,77.059
0500000US28037,7.931
0500000US28039,23.159
0500000US28041,14.244
0500000US28043,21.612
0500000US28045,45.566
0500000US28047,196.500
0500000US28049,244.899
0500000US28051,18.428
0500000US28053,8.922
0500000US28055,1.395
0500000US28057,23.434
0500000US28059,140.450
0500000US28061,16.470
0500000US28063,7.629
0500000US28065,11.948
0500000US28067,68.961
0500000US28069,10.294
0500000US28071,51.318
0500000US28073,58.801
0500000US28075,80.254
0500000US28077,12.514
0500000US28079,23.389
0500000US28081,85.340
0500000US28083,31.607
0500000US28085,34.810
0500000US28087,59.922
0500000US28089,100.412
0500000US28091,26.180
0500000US28093,36.515
0500000US28095,36.116
0500000US28097,10.553
0500000US28099,29.507
0500000US28101,21.689
0500000US28103,11.089
0500000US28105,49.043
0500000US28107,34.402
0500000US28109,55.072
0500000US28111,12.131
0500000US28113,40.014
0500000US28115,30.897
0500000US28117,25.388
0500000US28119,7.803
0500000US28121,146.767
0500000US28123,28.273
0500000US28125,4.708
0500000US28127,27.500
0500000US28129,16.225
0500000US28131,18.016
0500000US28133,27.997
0500000US28135,15.081
0500000US28137,28.373
0500000US28139,22.084
0500000US28141,19.529
0500000US28143,10.560
0500000US28145,27.754
0500000US28147,14.931
0500000US28149,48.218
0500000US28151,49.688
0500000US28153,20.539
0500000US28155,9.987
0500000US28157,9.381
0500000US28159,18.788
0500000US28161,12.373
0500000US28163,27.883
0500000US29001,25.572
0500000US29003,17.445
0500000US29005,5.449
0500000US29007,25.661
0500000US29009,35.572
0500000US29011,12.275
0500000US29013,16.550
0500000US29015,18.932
0500000US29017,12.490
0500000US29019,170.773
0500000US29021,89.631
0500000US29023,43.083
0500000US29025,9.097
0500000US29027,44.359
0500000US29029,43.862
0500000US29031,77.320
0500000US29033,9.127
0500000US29035,6.291
0500000US29037,100.641
0500000US29039,13.913
0500000US29041,7.628
0500000US29043,80.899
0500000US29045,6.910
0500000US29047,230.473
0500000US29049,20.571
0500000US29051,76.699
0500000US29053,17.647
0500000US29055,24.543
0500000US29057,7.578
0500000US29059,16.535
0500000US29061,8.294
0500000US29063,12.840
0500000US29065,15.730
0500000US29067,13.515
0500000US29069,31.712
0500000US29071,101.816
0500000US29073,14.901
0500000US29075,6.775
0500000US29077,283.870
0500000US29079,10.355
0500000US29081,8.741
0500000US29083,22.059
0500000US29085,9.305
0500000US29087,4.568
0500000US29089,10.257
0500000US29091,40.393
0500000US29093,10.344
0500000US29095,679.996
0500000US29097,116.398
0500000US29099,221.396
0500000US29101,54.572
0500000US29103,4.067
0500000US29105,35.667
0500000US29107,32.943
0500000US29109,38.185
0500000US29111,10.152
0500000US29113,53.860
0500000US29115,12.368
0500000US29117,14.871
0500000US29119,22.558
0500000US29121,15.544
0500000US29123,12.431
0500000US29125,9.018
0500000US29127,28.904
0500000US29129,3.695
0500000US29131,25.092
0500000US29133,14.282
0500000US29135,15.748
0500000US29137,8.774
0500000US29139,11.965
0500000US29141,20.265
0500000US29143,18.365
0500000US29145,58.845
0500000US29147,23.261
0500000US29149,10.996
0500000US29151,13.688
0500000US29153,9.560
0500000US29155,17.823
0500000US29157,19.072
0500000US29159,42.205
0500000US29161,44.807
0500000US29163,18.669
0500000US29165,93.310
0500000US29167,30.974
0500000US29169,53.748
0500000US29171,4.875
0500000US29173,10.192
0500000US29175,24.940
0500000US29177,23.039
0500000US29179,6.599
0500000US29181,14.032
0500000US29183,373.495
0500000US29185,9.487
0500000US29186,17.778
0500000US29187,66.215
0500000US29189,1001.444
0500000US29195,23.252
0500000US29197,4.358
0500000US29199,4.921
0500000US29201,39.290
0500000US29203,8.297
0500000US29205,6.177
0500000US29207,29.780
0500000US29209,31.297
0500000US29211,6.448
0500000US29213,53.575
0500000US29215,25.636
0500000US29217,20.949
0500000US29219,32.999
0500000US29221,25.172
0500000US29223,13.404
0500000US29225,36.466
0500000US29227,2.090
0500000US29229,18.473
0500000US29510,318.416
0500000US30001,9.341
0500000US30003,13.042
0500000US30005,6.604
0500000US30007,5.692
0500000US30009,10.340
0500000US30011,1.174
0500000US30013,82.384
0500000US30015,5.849
0500000US30017,11.951
0500000US30019,1.791
0500000US30021,9.445
0500000US30023,9.329
0500000US30025,3.079
0500000US30027,11.501
0500000US30029,93.068
0500000US30031,94.720
0500000US30033,1.290
0500000US30035,13.739
0500000US30037,0.859
0500000US30039,3.138
0500000US30041,16.568
0500000US30043,11.512
0500000US30045,2.016
0500000US30047,29.017
0500000US30049,65.338
0500000US30051,2.369
0500000US30053,19.460
0500000US30055,1.709
0500000US30057,7.712
0500000US30059,1.937
0500000US30061,4.275
0500000US30063,111.807
0500000US30065,4.629
0500000US30067,15.682
0500000US30069,0.506
0500000US30071,4.179
0500000US30073,6.211
0500000US30075,1.748
0500000US30077,6.993
0500000US30079,1.179
0500000US30081,40.823
0500000US30083,11.214
0500000US30085,11.125
0500000US30087,9.329
0500000US30089,11.363
0500000US30091,3.668
0500000US30093,34.523
0500000US30095,9.318
0500000US30097,3.669
0500000US30099,6.065
0500000US30101,5.138
0500000US30103,0.700
0500000US30105,7.630
0500000US30107,2.134
0500000US30109,1.121
0500000US30111,154.162
0500000US31001,31.610
0500000US31003,6.456
0500000US31005,0.458
0500000US31007,0.759
0500000US31009,0.482
0500000US31011,5.388
0500000US31013,11.305
0500000US31015,2.032
0500000US31017,2.926
0500000US31019,47.893
0500000US31021,6.574
0500000US31023,8.312
0500000US31025,25.357
0500000US31027,8.711
0500000US31029,4.000
0500000US31031,5.788
0500000US31033,10.091
0500000US31035,6.392
0500000US31037,10.425
0500000US31039,8.996
0500000US31041,10.792
0500000US31043,20.947
0500000US31045,9.088
0500000US31047,24.207
0500000US31049,1.937
0500000US31051,5.851
0500000US31053,36.515
0500000US31055,537.256
0500000US31057,1.981
0500000US31059,5.698
0500000US31061,3.085
0500000US31063,2.709
0500000US31065,4.865
0500000US31067,21.864
0500000US31069,1.902
0500000US31071,2.035
0500000US31073,1.972
0500000US31075,0.633
0500000US31077,2.494
0500000US31079,60.720
0500000US31081,9.112
0500000US31083,3.513
0500000US31085,0.976
0500000US31087,2.872
0500000US31089,10.449
0500000US31091,0.738
0500000US31093,6.355
0500000US31095,7.560
0500000US31097,5.144
0500000US31099,6.548
0500000US31101,8.130
0500000US31103,0.790
0500000US31105,3.702
0500000US31107,8.565
0500000US31109,297.036
0500000US31111,36.051
0500000US31113,0.763
0500000US31115,0.576
0500000US31117,0.526
0500000US31119,35.278
0500000US31121,7.802
0500000US31123,4.908
0500000US31125,3.623
0500000US31127,7.157
0500000US31129,4.413
0500000US31131,15.752
0500000US31133,2.709
0500000US31135,2.921
0500000US31137,9.213
0500000US31139,7.150
0500000US31141,32.505
0500000US31143,5.275
0500000US31145,11.006
0500000US31147,8.125
0500000US31149,1.411
0500000US31151,14.416
0500000US31153,169.331
0500000US31155,20.929
0500000US31157,36.848
0500000US31159,17.089
0500000US31161,5.251
0500000US31163,3.106
0500000US31165,1.313
0500000US31167,6.133
0500000US31169,5.189
0500000US31171,0.699
0500000US31173,6.895
0500000US31175,4.193
0500000US31177,20.223
0500000US31179,9.411
0500000US31181,3.688
0500000US31183,0.759
0500000US31185,13.883
0500000US32001,24.063
0500000US32003,2027.868
0500000US32005,47.118
0500000US32007,52.384
0500000US32009,0.832
0500000US32011,2.076
0500000US32013,17.363
0500000US32015,6.032
0500000US32017,5.245
0500000US32019,51.557
0500000US32021,4.614
0500000US32023,42.297
0500000US32027,6.877
0500000US32029,3.942
0500000US32031,433.731
0500000US32033,10.057
0500000US32510,54.080
0500000US33001,60.179
0500000US33003,47.499
0500000US33005,76.610
0500000US33007,31.997
0500000US33009,89.629
0500000US33011,403.985
0500000US33013,146.849
0500000US33015,299.134
0500000US33017,124.593
0500000US33019,42.984
0500000US34001,275.862
0500000US34003,925.328
0500000US34005,450.838
0500000US34007,512.854
0500000US34009,95.897
0500000US34011,157.332
0500000US34013,789.565
0500000US34015,290.265
0500000US34017,660.282
0500000US34019,126.250
0500000US34021,370.414
0500000US34023,828.919
0500000US34025,629.672
0500000US34027,499.397
0500000US34029,583.414
0500000US34031,505.672
0500000US34033,65.166
0500000US34035,330.585
0500000US34037,145.992
0500000US34039,548.256
0500000US34041,107.379
0500000US35001,674.221
0500000US35003,3.607
0500000US35005,65.823
0500000US35006,27.335
0500000US35007,13.094
0500000US35009,50.598
0500000US35011,1.907
0500000US35013,213.460
0500000US35015,55.471
0500000US35017,29.328
0500000US35019,4.551
0500000US35021,0.693
0500000US35023,4.654
0500000US35025,68.062
0500000US35027,20.105
0500000US35028,17.798
0500000US35029,24.659
0500000US35031,73.308
0500000US35033,4.704
0500000US35035,65.616
0500000US35037,8.662
0500000US35039,40.072
0500000US35041,19.955
0500000US35043,136.575
0500000US35045,126.503
0500000US35047,28.541
0500000US35049,147.423
0500000US35051,11.572
0500000US35053,17.584
0500000US35055,33.035
0500000US35057,15.717
0500000US35059,4.370
0500000US35061,76.284
0500000US36001,306.945
0500000US36003,48.109
0500000US36005,1418.733
0500000US36007,197.534
0500000US36009,78.892
0500000US36011,79.477
0500000US36013,133.080
0500000US36015,88.506
0500000US36017,49.503
0500000US36019,81.591
0500000US36021,62.243
0500000US36023,48.976
0500000US36025,46.722
0500000US36027,296.916
0500000US36029,919.866
0500000US36031,38.762
0500000US36033,51.688
0500000US36035,54.586
0500000US36037,59.454
0500000US36039,48.455
0500000US36041,4.773
0500000US36043,64.181
0500000US36045,119.504
0500000US36047,2592.149
0500000US36049,27.149
0500000US36051,64.705
0500000US36053,72.382
0500000US36055,749.606
0500000US36057,49.897
0500000US36059,1352.146
0500000US36061,1626.159
0500000US36063,214.249
0500000US36065,233.585
0500000US36067,468.387
0500000US36069,109.103
0500000US36071,375.592
0500000US36073,42.235
0500000US36075,121.165
0500000US36077,61.683
0500000US36079,99.645
0500000US36081,2296.175
0500000US36083,159.918
0500000US36085,472.621
0500000US36087,320.903
0500000US36089,111.963
0500000US36091,223.865
0500000US36093,155.333
0500000US36095,31.844
0500000US36097,18.460
0500000US36099,35.409
0500000US36101,98.650
0500000US36103,1499.738
0500000US36105,76.665
0500000US36107,50.243
0500000US36109,103.617
0500000US36111,180.998
0500000US36113,65.337
0500000US36115,63.093
0500000US36117,92.473
0500000US36119,968.802
0500000US36121,41.531
0500000US36123,25.156
0500000US37001,154.378
0500000US37003,36.930
0500000US37005,10.939
0500000US37007,26.161
0500000US37009,27.151
0500000US37011,17.713
0500000US37013,47.464
0500000US37015,20.344
0500000US37017,34.843
0500000US37019,115.301
0500000US37021,247.912
0500000US37023,89.842
0500000US37025,187.226
0500000US37027,81.990
0500000US37029,10.187
0500000US37031,68.434
0500000US37033,23.190
0500000US37035,154.810
0500000US37037,66.817
0500000US37039,27.218
0500000US37041,14.726
0500000US37043,10.584
0500000US37045,97.047
0500000US37047,57.246
0500000US37049,104.489
0500000US37051,325.871
0500000US37053,24.396
0500000US37055,35.019
0500000US37057,163.420
0500000US37059,41.554
0500000US37061,60.084
0500000US37063,288.133
0500000US37065,55.574
0500000US37067,361.220
0500000US37069,62.260
0500000US37071,209.420
0500000US37073,11.650
0500000US37075,8.736
0500000US37077,58.275
0500000US37079,21.232
0500000US37081,506.610
0500000US37083,53.453
0500000US37085,124.987
0500000US37087,59.183
0500000US37089,109.540
0500000US37091,24.431
0500000US37093,51.322
0500000US37095,5.721
0500000US37097,164.517
0500000US37099,40.919
0500000US37101,177.967
0500000US37103,10.215
0500000US37105,60.266
0500000US37107,58.914
0500000US37109,79.740
0500000US37111,44.961
0500000US37113,33.857
0500000US37115,21.022
0500000US37117,23.699
0500000US37119,990.977
0500000US37121,15.328
0500000US37123,27.571
0500000US37125,91.587
0500000US37127,95.093
0500000US37129,213.267
0500000US37131,20.839
0500000US37133,185.220
0500000US37135,140.352
0500000US37137,12.953
0500000US37139,39.981
0500000US37141,55.334
0500000US37143,13.601
0500000US37145,39.276
0500000US37147,174.263
0500000US37149,20.411
0500000US37151,142.577
0500000US37153,46.405
0500000US37155,134.841
0500000US37157,91.878
0500000US37159,138.323
0500000US37161,66.956
0500000US37163,64.150
0500000US37165,36.025
0500000US37167,60.635
0500000US37169,46.588
0500000US37171,73.050
0500000US37173,14.058
0500000US37175,32.903
0500000US37177,4.109
0500000US37179,212.756
0500000US37181,44.808
0500000US37183,974.289
0500000US37185,20.575
0500000US37187,12.722
0500000US37189,52.372
0500000US37191,124.583
0500000US37193,69.023
0500000US37195,81.667
0500000US37197,38.038
0500000US37199,17.566
0500000US38001,2.360
0500000US38003,11.190
0500000US38005,6.877
0500000US38007,0.874
0500000US38009,6.736
0500000US38011,3.214
0500000US38013,2.306
0500000US38015,88.457
0500000US38017,162.829
0500000US38019,3.896
0500000US38021,5.248
0500000US38023,2.314
0500000US38025,4.162
0500000US38027,2.404
0500000US38029,3.486
0500000US38031,3.366
0500000US38033,1.823
0500000US38035,69.179
0500000US38037,2.377
0500000US38039,2.296
0500000US38041,2.660
0500000US38043,2.428
0500000US38045,4.166
0500000US38047,1.946
0500000US38049,5.922
0500000US38051,2.754
0500000US38053,9.314
0500000US38055,9.517
0500000US38057,8.592
0500000US38059,28.990
0500000US38061,9.376
0500000US38063,3.095
0500000US38065,1.874
0500000US38067,7.181
0500000US38069,4.451
0500000US38071,11.554
0500000US38073,5.516
0500000US38075,2.608
0500000US38077,16.339
0500000US38079,14.582
0500000US38081,3.890
0500000US38083,1.304
0500000US38085,4.430
0500000US38087,0.761
0500000US38089,28.212
0500000US38091,1.960
0500000US38093,21.120
0500000US38095,2.317
0500000US38097,8.245
0500000US38099,11.104
0500000US38101,67.990
0500000US38103,4.206
0500000US38105,29.595
0500000US39001,28.105
0500000US39003,105.298
0500000US39005,53.043
0500000US39007,99.811
0500000US39009,64.681
0500000US39011,45.920
0500000US39013,69.571
0500000US39015,44.264
0500000US39017,371.272
0500000US39019,28.275
0500000US39021,39.455
0500000US39023,136.167
0500000US39025,200.218
0500000US39027,41.945
0500000US39029,105.893
0500000US39031,36.760
0500000US39033,42.808
0500000US39035,1263.154
0500000US39037,52.376
0500000US39039,38.532
0500000US39041,184.979
0500000US39043,76.048
0500000US39045,148.867
0500000US39047,28.800
0500000US39049,1212.263
0500000US39051,42.488
0500000US39053,30.621
0500000US39055,93.972
0500000US39057,163.204
0500000US39059,39.636
0500000US39061,804.520
0500000US39063,75.773
0500000US39065,31.641
0500000US39067,15.622
0500000US39069,28.092
0500000US39071,43.299
0500000US39073,28.665
0500000US39075,43.593
0500000US39077,58.889
0500000US39079,32.783
0500000US39081,67.964
0500000US39083,60.810
0500000US39085,229.857
0500000US39087,61.917
0500000US39089,168.375
0500000US39091,45.481
0500000US39093,302.827
0500000US39095,436.393
0500000US39097,43.277
0500000US39099,233.869
0500000US39101,65.905
0500000US39103,174.915
0500000US39105,23.496
0500000US39107,40.784
0500000US39109,103.439
0500000US39111,14.585
0500000US39113,535.846
0500000US39115,14.904
0500000US39117,35.033
0500000US39119,85.231
0500000US39121,14.628
0500000US39123,41.153
0500000US39125,19.254
0500000US39127,35.997
0500000US39129,56.304
0500000US39131,28.367
0500000US39133,163.862
0500000US39135,41.732
0500000US39137,34.088
0500000US39139,121.773
0500000US39141,77.910
0500000US39143,60.098
0500000US39145,78.153
0500000US39147,55.914
0500000US39149,49.192
0500000US39151,375.432
0500000US39153,541.824
0500000US39155,206.442
0500000US39157,92.672
0500000US39159,53.306
0500000US39161,28.459
0500000US39163,13.276
0500000US39165,219.169
0500000US39167,61.310
0500000US39169,115.071
0500000US39171,37.500
0500000US39173,129.264
0500000US39175,22.447
0500000US40001,22.194
0500000US40003,5.847
0500000US40005,13.898
0500000US40007,5.566
0500000US40009,23.637
0500000US40011,9.720
0500000US40013,44.244
0500000US40015,29.594
0500000US40017,126.123
0500000US40019,48.491
0500000US40021,48.017
0500000US40023,15.045
0500000US40025,2.335
0500000US40027,269.340
0500000US40029,5.867
0500000US40031,124.937
0500000US40033,6.152
0500000US40035,14.672
0500000US40037,70.470
0500000US40039,29.377
0500000US40041,41.377
0500000US40043,4.844
0500000US40045,4.170
0500000US40047,62.267
0500000US40049,27.334
0500000US40051,53.685
0500000US40053,4.528
0500000US40055,6.171
0500000US40057,2.869
0500000US40059,3.813
0500000US40061,13.052
0500000US40063,13.823
0500000US40065,26.088
0500000US40067,6.432
0500000US40069,10.990
0500000US40071,45.633
0500000US40073,15.276
0500000US40075,9.341
0500000US40077,10.775
0500000US40079,49.774
0500000US40081,34.351
0500000US40083,44.422
0500000US40085,9.742
0500000US40087,36.511
0500000US40089,33.065
0500000US40091,20.493
0500000US40093,7.683
0500000US40095,15.988
0500000US40097,40.804
0500000US40099,13.712
0500000US40101,70.303
0500000US40103,11.446
0500000US40105,10.555
0500000US40107,12.377
0500000US40109,755.245
0500000US40111,39.438
0500000US40113,47.987
0500000US40115,32.245
0500000US40117,16.513
0500000US40119,79.066
0500000US40121,44.703
0500000US40123,37.992
0500000US40125,71.158
0500000US40127,11.233
0500000US40129,3.743
0500000US40131,89.044
0500000US40133,25.426
0500000US40135,41.218
0500000US40137,44.919
0500000US40139,22.081
0500000US40141,7.711
0500000US40143,622.409
0500000US40145,75.700
0500000US40147,51.577
0500000US40149,11.678
0500000US40151,9.041
0500000US40153,21.221
0500000US41001,16.018
0500000US41003,86.591
0500000US41005,388.263
0500000US41007,37.244
0500000US41009,49.344
0500000US41011,62.282
0500000US41013,20.815
0500000US41015,22.339
0500000US41017,165.954
0500000US41019,106.940
0500000US41021,1.947
0500000US41023,7.283
0500000US41025,7.146
0500000US41027,22.675
0500000US41029,208.545
0500000US41031,21.145
0500000US41033,83.306
0500000US41035,65.910
0500000US41037,7.820
0500000US41039,356.212
0500000US41041,46.350
0500000US41043,118.765
0500000US41045,30.479
0500000US41047,323.614
0500000US41049,11.336
0500000US41051,766.135
0500000US41053,76.794
0500000US41055,1.731
0500000US41057,25.317
0500000US41059,76.720
0500000US41061,25.652
0500000US41063,6.814
0500000US41065,25.477
0500000US41067,554.996
0500000US41069,1.381
0500000US41071,100.725
0500000US42001,101.546
0500000US42003,1231.527
0500000US42005,68.107
0500000US42007,170.115
0500000US42009,49.055
0500000US42011,413.521
0500000US42013,126.314
0500000US42015,62.316
0500000US42017,626.976
0500000US42019,185.476
0500000US42021,140.499
0500000US42023,4.886
0500000US42025,64.786
0500000US42027,155.403
0500000US42029,509.468
0500000US42031,39.155
0500000US42033,81.174
0500000US42035,39.954
0500000US42037,66.797
0500000US42039,87.376
0500000US42041,241.212
0500000US42043,270.937
0500000US42045,561.973
0500000US42047,31.479
0500000US42049,280.294
0500000US42051,134.999
0500000US42053,7.631
0500000US42055,152.085
0500000US42057,14.670
0500000US42059,37.838
0500000US42061,45.694
0500000US42063,87.745
0500000US42065,44.966
0500000US42067,24.768
0500000US42069,213.931
0500000US42071,529.600
0500000US42073,89.333
0500000US42075,135.486
0500000US42077,355.092
0500000US42079,320.103
0500000US42081,116.754
0500000US42083,42.979
0500000US42085,115.195
0500000US42087,46.616
0500000US42089,167.148
0500000US42091,812.376
0500000US42093,18.541
0500000US42095,299.791
0500000US42097,94.076
0500000US42099,45.562
0500000US42101,1553.165
0500000US42103,56.591
0500000US42105,17.497
0500000US42107,146.920
0500000US42109,39.865
0500000US42111,76.520
0500000US42113,6.351
0500000US42115,42.286
0500000US42117,42.463
0500000US42119,44.867
0500000US42121,53.907
0500000US42123,40.885
0500000US42125,208.206
0500000US42127,51.548
0500000US42129,362.437
0500000US42131,28.003
0500000US42133,438.965
0500000US44001,49.220
0500000US44003,165.035
0500000US44005,82.397
0500000US44007,628.600
0500000US44009,126.259
0500000US45001,25.007
0500000US45003,164.176
0500000US45005,9.839
0500000US45007,190.641
0500000US45009,15.430
0500000US45011,22.119
0500000US45013,171.838
0500000US45015,194.020
0500000US45017,15.055
0500000US45019,372.803
0500000US45021,55.885
0500000US45023,32.578
0500000US45025,46.197
0500000US45027,34.355
0500000US45029,37.788
0500000US45031,67.935
0500000US45033,31.229
0500000US45035,145.397
0500000US45037,26.436
0500000US45039,23.109
0500000US45041,138.326
0500000US45043,60.440
0500000US45045,474.266
0500000US45047,69.723
0500000US45049,20.408
0500000US45051,289.650
0500000US45053,26.629
0500000US45055,62.516
0500000US45057,80.458
0500000US45059,66.229
0500000US45061,18.347
0500000US45063,273.752
0500000US45065,9.947
0500000US45067,32.072
0500000US45069,28.003
0500000US45071,37.521
0500000US45073,75.045
0500000US45075,90.942
0500000US45077,119.829
0500000US45079,399.256
0500000US45081,20.091
0500000US45083,290.969
0500000US45085,108.123
0500000US45087,28.030
0500000US45089,33.067
0500000US45091,239.363
0500000US46003,2.720
0500000US46005,18.080
0500000US46007,3.452
0500000US46009,7.046
0500000US46011,32.968
0500000US46013,37.907
0500000US46015,5.366
0500000US46017,2.024
0500000US46019,10.330
0500000US46021,1.334
0500000US46023,9.241
0500000US46025,3.610
0500000US46027,13.935
0500000US46029,27.853
0500000US46031,4.215
0500000US46033,8.468
0500000US46035,19.823
0500000US46037,5.596
0500000US46039,4.320
0500000US46041,5.586
0500000US46043,3.023
0500000US46045,4.041
0500000US46047,6.839
0500000US46049,2.386
0500000US46051,7.281
0500000US46053,4.242
0500000US46055,1.894
0500000US46057,5.961
0500000US46059,3.391
0500000US46061,3.405
0500000US46063,1.262
0500000US46065,17.508
0500000US46067,7.145
0500000US46069,1.391
0500000US46071,3.216
0500000US46073,2.066
0500000US46075,1.001
0500000US46077,5.065
0500000US46079,12.055
0500000US46081,24.910
0500000US46083,49.858
0500000US46085,3.892
0500000US46087,5.654
0500000US46089,2.457
0500000US46091,4.763
0500000US46093,27.202
0500000US46095,2.081
0500000US46097,2.333
0500000US46099,179.640
0500000US46101,6.404
0500000US46102,14.118
0500000US46103,105.761
0500000US46105,3.037
0500000US46107,2.394
0500000US46109,10.251
0500000US46111,2.324
0500000US46115,6.610
0500000US46117,2.981
0500000US46119,1.437
0500000US46121,9.982
0500000US46123,5.498
0500000US46125,8.361
0500000US46127,14.829
0500000US46129,5.524
0500000US46135,22.696
0500000US46137,2.834
0500000US47001,75.542
0500000US47003,45.901
0500000US47005,16.290
0500000US47007,12.841
0500000US47009,125.099
0500000US47011,101.848
0500000US47013,40.238
0500000US47015,13.775
0500000US47017,28.513
0500000US47019,57.338
0500000US47021,39.492
0500000US47023,17.321
0500000US47025,31.560
0500000US47027,7.774
0500000US47029,35.479
0500000US47031,53.357
0500000US47033,14.591
0500000US47035,57.466
0500000US47037,658.602
0500000US47039,11.661
0500000US47041,19.164
0500000US47043,50.266
0500000US47045,38.213
0500000US47047,38.690
0500000US47049,17.909
0500000US47051,41.129
0500000US47053,49.457
0500000US47055,28.746
0500000US47057,22.702
0500000US47059,68.267
0500000US47061,13.498
0500000US47063,63.074
0500000US47065,348.673
0500000US47067,6.679
0500000US47069,26.306
0500000US47071,26.034
0500000US47073,56.800
0500000US47075,18.224
0500000US47077,28.048
0500000US47079,32.210
0500000US47081,24.267
0500000US47083,8.292
0500000US47085,18.243
0500000US47087,11.517
0500000US47089,52.123
0500000US47091,17.977
0500000US47093,444.622
0500000US47095,7.731
0500000US47097,27.795
0500000US47099,41.990
0500000US47101,11.961
0500000US47103,33.633
0500000US47105,50.448
0500000US47107,52.341
0500000US47109,26.140
0500000US47111,22.701
0500000US47113,98.733
0500000US47115,28.374
0500000US47117,31.130
0500000US47119,83.761
0500000US47121,11.649
0500000US47123,45.265
0500000US47125,184.119
0500000US47127,6.301
0500000US47129,21.915
0500000US47131,31.131
0500000US47133,22.075
0500000US47135,7.869
0500000US47137,5.090
0500000US47139,16.690
0500000US47141,73.525
0500000US47143,32.513
0500000US47145,53.047
0500000US47147,67.383
0500000US47149,281.029
0500000US47151,22.015
0500000US47153,14.681
0500000US47155,93.570
0500000US47157,939.465
0500000US47159,19.074
0500000US47161,13.362
0500000US47163,156.595
0500000US47165,168.888
0500000US47167,61.586
0500000US47169,7.828
0500000US47171,18.082
0500000US47173,19.102
0500000US47175,5.583
0500000US47177,39.965
0500000US47179,125.546
0500000US47181,16.939
0500000US47183,34.450
0500000US47185,26.244
0500000US47187,198.901
0500000US47189,121.945
0500000US48001,57.938
0500000US48003,16.799
0500000US48005,87.441
0500000US48007,24.356
0500000US48009,8.681
0500000US48011,1.949
0500000US48013,47.093
0500000US48015,28.847
0500000US48017,7.114
0500000US48019,20.601
0500000US48021,75.825
0500000US48023,3.614
0500000US48025,32.799
0500000US48027,326.843
0500000US48029,1817.610
0500000US48031,10.723
0500000US48033,0.637
0500000US48035,17.855
0500000US48037,93.487
0500000US48039,330.242
0500000US48041,203.164
0500000US48043,9.286
0500000US48045,1.537
0500000US48047,7.237
0500000US48049,37.749
0500000US48051,17.169
0500000US48053,43.823
0500000US48055,39.232
0500000US48057,21.806
0500000US48059,13.525
0500000US48061,417.276
0500000US48063,12.413
0500000US48065,6.010
0500000US48067,30.331
0500000US48069,8.030
0500000US48071,36.812
0500000US48073,50.878
0500000US48075,7.095
0500000US48077,10.473
0500000US48079,3.016
0500000US48081,3.210
0500000US48083,8.543
0500000US48085,854.778
0500000US48087,3.099
0500000US48089,20.752
0500000US48091,118.480
0500000US48093,13.623
0500000US48095,4.043
0500000US48097,38.467
0500000US48099,76.192
0500000US48101,1.452
0500000US48103,4.773
0500000US48105,3.807
0500000US48107,5.991
0500000US48109,2.277
0500000US48111,7.057
0500000US48113,2480.331
0500000US48115,13.810
0500000US48117,19.177
0500000US48119,5.238
0500000US48121,728.799
0500000US48123,20.503
0500000US48125,2.291
0500000US48127,10.897
0500000US48129,3.522
0500000US48131,11.640
0500000US48133,18.245
0500000US48135,149.378
0500000US48137,1.884
0500000US48139,155.976
0500000US48141,827.718
0500000US48143,39.658
0500000US48145,17.493
0500000US48147,33.659
0500000US48149,24.821
0500000US48151,3.856
0500000US48153,6.230
0500000US48155,1.277
0500000US48157,652.365
0500000US48159,10.660
0500000US48161,19.646
0500000US48163,18.065
0500000US48165,18.921
0500000US48167,306.782
0500000US48169,6.317
0500000US48171,25.357
0500000US48173,1.251
0500000US48175,7.465
0500000US48177,20.312
0500000US48179,23.043
0500000US48181,122.353
0500000US48183,123.024
0500000US48185,26.859
0500000US48187,143.183
0500000US48189,35.764
0500000US48191,3.239
0500000US48193,8.310
0500000US48195,5.555
0500000US48197,4.016
0500000US48199,55.417
0500000US48201,4336.853
0500000US48203,66.886
0500000US48205,6.100
0500000US48207,5.875
0500000US48209,176.026
0500000US48211,4.158
0500000US48213,78.675
0500000US48215,815.996
0500000US48217,34.823
0500000US48219,23.530
0500000US48221,52.905
0500000US48223,35.565
0500000US48225,22.911
0500000US48227,36.147
0500000US48229,3.318
0500000US48231,87.048
0500000US48233,21.819
0500000US48235,1.612
0500000US48237,8.957
0500000US48239,14.591
0500000US48241,35.649
0500000US48243,2.253
0500000US48245,252.358
0500000US48247,5.245
0500000US48249,41.680
0500000US48251,154.707
0500000US48253,19.859
0500000US48255,15.081
0500000US48257,108.568
0500000US48259,37.766
0500000US48261,0.412
0500000US48263,0.807
0500000US48265,49.953
0500000US48267,4.481
0500000US48269,0.285
0500000US48271,3.586
0500000US48273,32.101
0500000US48275,3.767
0500000US48277,49.426
0500000US48279,13.775
0500000US48281,20.222
0500000US48283,7.369
0500000US48285,19.581
0500000US48287,16.628
0500000US48289,16.742
0500000US48291,76.907
0500000US48293,23.326
0500000US48295,3.485
0500000US48297,11.867
0500000US48299,19.444
0500000US48301,0.095
0500000US48303,289.324
0500000US48305,5.723
0500000US48307,8.330
0500000US48309,241.481
0500000US48311,0.764
0500000US48313,13.781
0500000US48315,10.235
0500000US48317,5.312
0500000US48319,4.128
0500000US48321,36.592
0500000US48323,55.932
0500000US48325,47.399
0500000US48327,2.148
0500000US48329,151.468
0500000US48331,24.167
0500000US48333,4.907
0500000US48335,9.402
0500000US48337,19.503
0500000US48339,499.137
0500000US48341,22.141
0500000US48343,12.834
0500000US48345,1.196
0500000US48347,65.330
0500000US48349,48.038
0500000US48351,14.140
0500000US48353,15.037
0500000US48355,352.107
0500000US48357,10.806
0500000US48359,2.102
0500000US48361,82.957
0500000US48363,27.889
0500000US48365,23.870
0500000US48367,121.418
0500000US48369,9.965
0500000US48371,15.697
0500000US48373,45.790
0500000US48375,121.661
0500000US48377,7.201
0500000US48379,11.065
0500000US48381,126.474
0500000US48383,3.601
0500000US48385,3.350
0500000US48387,12.470
0500000US48389,13.965
0500000US48391,7.305
0500000US48393,0.831
0500000US48395,16.486
0500000US48397,85.245
0500000US48399,10.309
0500000US48401,53.622
0500000US48403,10.361
0500000US48405,8.769
0500000US48407,26.856
0500000US48409,66.137
0500000US48411,6.012
0500000US48413,3.206
0500000US48415,17.302
0500000US48417,3.375
0500000US48419,25.792
0500000US48421,3.093
0500000US48423,216.080
0500000US48425,8.658
0500000US48427,61.963
0500000US48429,9.247
0500000US48431,1.219
0500000US48433,1.432
0500000US48435,4.006
0500000US48437,7.763
0500000US48439,1911.541
0500000US48441,134.117
0500000US48443,0.903
0500000US48445,12.743
0500000US48447,1.600
0500000US48449,32.581
0500000US48451,114.954
0500000US48453,1120.954
0500000US48455,14.393
0500000US48457,21.464
0500000US48459,39.884
0500000US48461,3.372
0500000US48463,26.926
0500000US48465,48.623
0500000US48467,52.481
0500000US48469,90.028
0500000US48471,68.817
0500000US48473,45.213
0500000US48475,11.244
0500000US48477,34.147
0500000US48479,262.495
0500000US48481,41.216
0500000US48483,5.751
0500000US48485,132.047
0500000US48487,13.131
0500000US48489,21.921
0500000US48491,471.014
0500000US48493,45.418
0500000US48495,7.606
0500000US48497,60.939
0500000US48499,42.306
0500000US48501,8.184
0500000US48503,18.341
0500000US48505,14.390
0500000US48507,12.156
0500000US49001,6.459
0500000US49003,50.794
0500000US49005,116.909
0500000US49007,20.988
0500000US49009,1.127
0500000US49011,322.094
0500000US49013,20.308
0500000US49015,10.749
0500000US49017,5.083
0500000US49019,9.360
0500000US49021,46.780
0500000US49023,10.348
0500000US49025,7.260
0500000US49027,12.662
0500000US49029,10.173
0500000US49031,1.510
0500000US49033,2.288
0500000US49035,1079.721
0500000US49037,14.973
0500000US49039,28.237
0500000US49041,20.852
0500000US49043,38.486
0500000US49045,60.762
0500000US49047,35.555
0500000US49049,551.891
0500000US49051,26.437
0500000US49053,147.800
0500000US49055,2.747
0500000US49057,238.519
0500000US50001,36.791
0500000US50003,36.659
0500000US50005,31.157
0500000US50007,159.515
0500000US50009,6.211
0500000US50011,48.294
0500000US50013,6.987
0500000US50015,25.067
0500000US50017,28.915
0500000US50019,27.169
0500000US50021,60.622
0500000US50023,59.319
0500000US50025,43.857
0500000US50027,56.067
0500000US51001,33.148
0500000US51003,103.000
0500000US51005,16.161
0500000US51007,12.745
0500000US51009,32.178
0500000US51011,15.255
0500000US51013,224.906
0500000US51015,73.912
0500000US51017,4.616
0500000US51019,75.773
0500000US51021,6.735
0500000US51023,33.002
0500000US51025,16.973
0500000US51027,23.597
0500000US51029,17.136
0500000US51031,55.235
0500000US51033,29.298
0500000US51035,29.883
0500000US51036,7.130
0500000US51037,12.305
0500000US51041,327.745
0500000US51043,14.348
0500000US51045,5.210
0500000US51047,48.506
0500000US51049,9.841
0500000US51051,15.486
0500000US51053,27.904
0500000US51057,11.229
0500000US51059,1130.924
0500000US51061,67.207
0500000US51063,15.528
0500000US51065,25.977
0500000US51067,56.335
0500000US51069,81.319
0500000US51071,16.925
0500000US51073,36.834
0500000US51075,21.626
0500000US51077,15.161
0500000US51079,18.804
0500000US51081,11.886
0500000US51083,35.401
0500000US51085,101.330
0500000US51087,318.611
0500000US51089,52.617
0500000US51091,2.215
0500000US51093,35.656
0500000US51095,70.516
0500000US51097,7.130
0500000US51099,24.926
0500000US51101,16.097
0500000US51103,11.148
0500000US51105,25.185
0500000US51107,349.679
0500000US51109,33.945
0500000US51111,12.527
0500000US51113,13.200
0500000US51115,8.897
0500000US51117,31.426
0500000US51119,10.762
0500000US51121,96.207
0500000US51125,14.789
0500000US51127,19.507
0500000US51131,12.125
0500000US51133,12.200
0500000US51135,15.773
0500000US51137,34.689
0500000US51139,23.821
0500000US51141,18.368
0500000US51143,62.426
0500000US51145,28.259
0500000US51147,22.802
0500000US51149,37.253
0500000US51153,438.580
0500000US51155,34.507
0500000US51157,7.478
0500000US51159,8.953
0500000US51161,93.524
0500000US51163,22.307
0500000US51165,77.741
0500000US51167,28.264
0500000US51169,22.640
0500000US51171,42.684
0500000US51173,31.652
0500000US51175,18.128
0500000US51177,127.348
0500000US51179,136.788
0500000US51181,6.765
0500000US51183,11.810
0500000US51185,44.103
0500000US51187,38.699
0500000US51191,54.907
0500000US51193,17.612
0500000US51195,40.589
0500000US51197,29.344
0500000US51199,66.269
0500000US51510,148.892
0500000US51520,17.341
0500000US51530,6.680
0500000US51540,44.349
0500000US51550,230.571
0500000US51570,17.634
0500000US51580,5.818
0500000US51590,42.907
0500000US51595,5.588
0500000US51600,23.973
0500000US51610,13.508
0500000US51620,8.638
0500000US51630,28.132
0500000US51640,7.035
0500000US51650,136.699
0500000US51660,51.395
0500000US51670,22.163
0500000US51678,7.170
0500000US51680,78.014
0500000US51683,41.705
0500000US51685,16.149
0500000US51690,13.755
0500000US51700,182.020
0500000US51710,246.139
0500000US51720,4.017
0500000US51730,32.538
0500000US51735,12.104
0500000US51740,96.205
0500000US51750,17.184
0500000US51760,214.114
0500000US51770,98.465
0500000US51775,25.299
0500000US51790,24.350
0500000US51800,85.728
0500000US51810,448.479
0500000US51820,21.263
0500000US51830,15.206
0500000US51840,27.216
0500000US53001,19.067
0500000US53003,22.110
0500000US53005,184.486
0500000US53007,73.967
0500000US53009,72.312
0500000US53011,443.817
0500000US53013,4.032
0500000US53015,101.860
0500000US53017,39.471
0500000US53019,7.646
0500000US53021,86.638
0500000US53023,2.256
0500000US53025,91.878
0500000US53027,71.078
0500000US53029,78.801
0500000US53031,30.076
0500000US53033,2044.449
0500000US53035,253.968
0500000US53037,41.765
0500000US53039,20.866
0500000US53041,75.081
0500000US53043,10.301
0500000US53045,60.497
0500000US53047,41.193
0500000US53049,20.498
0500000US53051,12.896
0500000US53053,819.743
0500000US53055,15.875
0500000US53057,118.837
0500000US53059,11.274
0500000US53061,745.913
0500000US53063,479.398
0500000US53065,43.430
0500000US53067,262.388
0500000US53069,4.042
0500000US53071,59.530
0500000US53073,206.353
0500000US53075,46.570
0500000US53077,247.044
0500000US54001,16.770
0500000US54003,108.706
0500000US54005,24.224
0500000US54007,14.502
0500000US54009,23.737
0500000US54011,97.133
0500000US54013,7.564
0500000US54015,9.244
0500000US54017,8.344
0500000US54019,45.599
0500000US54021,8.672
0500000US54023,11.759
0500000US54025,35.644
0500000US54027,23.445
0500000US54029,30.291
0500000US54031,13.920
0500000US54033,68.972
0500000US54035,29.178
0500000US54037,55.073
0500000US54039,191.275
0500000US54041,16.452
0500000US54043,21.559
0500000US54045,35.987
0500000US54047,20.876
0500000US54049,56.868
0500000US54051,32.459
0500000US54053,27.126
0500000US54055,61.984
0500000US54057,27.704
0500000US54059,25.900
0500000US54061,102.274
0500000US54063,13.483
0500000US54065,17.498
0500000US54067,25.965
0500000US54069,43.727
0500000US54071,7.471
0500000US54073,7.577
0500000US54075,8.669
0500000US54077,33.859
0500000US54079,56.650
0500000US54081,78.833
0500000US54083,29.415
0500000US54085,10.073
0500000US54087,14.656
0500000US54089,13.563
0500000US54091,16.973
0500000US54093,6.968
0500000US54095,8.995
0500000US54097,24.665
0500000US54099,41.437
0500000US54101,8.893
0500000US54103,16.204
0500000US54105,5.901
0500000US54107,86.569
0500000US54109,23.019
0500000US55001,20.480
0500000US55003,16.016
0500000US55005,45.676
0500000US55007,15.156
0500000US55009,254.586
0500000US55011,13.357
0500000US55013,15.333
0500000US55015,49.617
0500000US55017,63.132
0500000US55019,34.615
0500000US55021,56.653
0500000US55023,16.397
0500000US55025,509.939
0500000US55027,88.344
0500000US55029,27.896
0500000US55031,43.887
0500000US55033,44.122
0500000US55035,101.438
0500000US55037,4.520
0500000US55039,101.798
0500000US55041,9.126
0500000US55043,51.069
0500000US55045,37.090
0500000US55047,18.959
0500000US55049,23.749
0500000US55051,5.886
0500000US55053,20.644
0500000US55055,84.509
0500000US55057,26.547
0500000US55059,167.757
0500000US55061,20.505
0500000US55063,116.713
0500000US55065,16.766
0500000US55067,19.575
0500000US55069,28.684
0500000US55071,80.654
0500000US55073,135.416
0500000US55075,41.610
0500000US55077,15.176
0500000US55078,4.317
0500000US55079,956.023
0500000US55081,45.298
0500000US55083,37.318
0500000US55085,35.689
0500000US55087,180.345
0500000US55089,87.054
0500000US55091,7.360
0500000US55093,40.976
0500000US55095,43.476
0500000US55097,70.380
0500000US55099,13.802
0500000US55101,195.041
0500000US55103,17.717
0500000US55105,160.739
0500000US55107,14.395
0500000US55109,85.930
0500000US55111,63.162
0500000US55113,16.513
0500000US55115,41.643
0500000US55117,114.922
0500000US55119,20.610
0500000US55121,29.582
0500000US55123,30.329
0500000US55125,21.368
0500000US55127,102.945
0500000US55129,15.686
0500000US55131,132.739
0500000US55133,393.843
0500000US55135,52.285
0500000US55137,24.329
0500000US55139,169.541
0500000US55141,73.959
0500000US56001,37.422
0500000US56003,11.994
0500000US56005,48.176
0500000US56007,15.748
0500000US56009,14.313
0500000US56011,7.184
0500000US56013,40.998
0500000US56015,13.612
0500000US56017,4.847
0500000US56019,8.628
0500000US56021,95.809
0500000US56023,18.364
0500000US56025,80.973
0500000US56027,2.541
0500000US56029,29.227
0500000US56031,8.765
0500000US56033,29.824
0500000US56035,10.041
0500000US56037,45.237
0500000US56039,22.268
0500000US56041,21.066
0500000US56043,8.463
0500000US56045,7.158
